pareto_id,tau_robot1,tau_robot2,tau_mag1,tau_mag2,tau_remag,w_robot1,w_mag1,f_energy,f_emission,f_outputs_cost
0,0.884053285393376,14.691543028184292,1.8673081125040492,7.824563809913241,0.36952029393863395,0.42358676511849935,0.5867985714381407,1.024133286014329,1.0934681916858235,-1.0536723163841808
1,4.482254462595896,4.193948683586738,13.031011787997286,6.335337938334012,0.8995844950154046,0.9765351040463354,0.9871536732248436,0.5510880087213224,0.8821027082704802,-0.672316384180791
2,7.867203861967462,7.3791361185059365,1.2652320806645276,10.804862081731313,0.14802930758214572,0.9991046247295744,0.0006439035707069829,0.707232654442582,0.3993997261939555,-0.672316384180791
3,4.841805718353657,11.604882791292837,1.2242213026027144,11.122113673506739,10.336785762448839,0.38907841384086084,0.43133685717095205,1.135781483926926,0.9976230321136378,-1.1242937853107344
4,7.317303990102632,7.3791361185059365,9.651560534902966,10.804862081731313,0.16729026974282624,0.9996480042650737,0.8713841988764528,0.5925596564652836,0.8119468095276011,-0.6638418079096046
5,6.10554398662318,9.906020016240337,5.899934441073484,14.798605840176823,4.9971070168369565,0.3787435378378585,0.5056434453418749,1.0793924826613344,1.0764557852363963,-1.112994350282486
6,6.066486032545684,4.292636828037045,3.965360683653914,2.1190130933510334,0.321980807087086,0.522350917971649,0.4660059876192896,0.9584463832535252,0.904079259319195,-0.9745762711864407
7,6.912954316495458,9.493562827774392,11.480995892090277,19.37748041478386,17.391129073396954,0.9329044903570007,0.48998762565058995,0.7319392566477758,0.6498700747333437,-0.7175141242937852
8,5.029965448086042,10.014063759775624,5.985857804565658,15.788579049575029,0.215537865640544,0.850685532202827,0.0186933269400245,0.8369946667682912,0.4885278191095379,-0.788135593220339
9,0.884053285393376,14.691543028184292,1.2452142075775785,14.927102524357949,0.29495987497314147,0.8619663091291041,0.5867985714381407,0.7528771032835714,0.7893006900401386,-0.7937853107344633
10,6.022316058389455,4.188673285505183,3.0958919855360714,2.4710714735953725,0.9603788823035024,0.9053890532449274,0.8979743809687503,0.6370499034200227,0.9031430295091873,-0.731638418079096
11,10.166143020118238,12.194818232043863,11.514423119872545,19.262366356256884,17.383676579592645,0.9751429259170944,0.009433184472257994,0.7617146654781585,0.43210946127249306,-0.7005649717514125
12,5.926079681212036,9.342326804097585,1.2650736070046174,16.347381067828906,0.14802930758214572,0.9814272824224292,0.0006439035707069829,0.7183259776249536,0.4045502115960883,-0.6807909604519775
13,0.6489214590087307,9.788585024129281,6.837004681949114,14.374165192899822,0.4456654664318984,0.8572266569607586,0.5217811033371731,0.7407902531129157,0.7556167850910244,-0.7542372881355932
14,0.884053285393376,14.691543028184292,16.569394119876534,7.824563809913241,0.36952029393863395,0.8732008704230372,0.9079274752912387,0.6520404569730847,0.9129381907579925,-0.7401129943502825
15,4.928738599493539,13.097362835456998,18.866200339741656,14.488537968127128,3.5229753659799607,0.8123847712245275,0.03617901702369386,0.9024116256753293,0.5516794525201074,-0.8418079096045198
16,6.066486032545684,12.603535947193787,4.190699117772473,2.0107843396954554,3.6252755024257914,0.7863411622454716,0.4247385047946494,0.9396757405868381,0.8395804566365945,-0.92090395480226
17,0.884053285393376,9.767398564778567,1.2452142075775785,7.193885613973078,0.29495987497314147,0.39769625602127984,0.5867985714381407,0.9431957333960913,1.0217282622775576,-0.9887005649717514
18,2.777037871333033,9.490853280783881,5.644019567695386,9.908017667052631,0.19889496768189474,0.31255701864623947,0.0456674995340155,0.96393512628575,0.5769733531692042,-0.8813559322033898
19,1.3847708553262856,11.257932364984075,1.4097627709486569,7.352692594863227,0.36952029393863395,0.37121517149997096,0.06316957862457162,0.9827849735815188,0.6169470226983339,-0.9067796610169492
20,6.0470133262385275,11.600819502239545,1.2955942453395877,11.122113673506739,10.336785762448839,0.3949345123692859,0.43133685717095205,1.1111927966781123,0.9643069740447382,-1.0988700564971752
21,4.90572765574562,9.637037146263687,14.98568304949525,14.487972746800562,3.4930903809179608,0.8364075910465618,0.516777817113359,0.8077869571937665,0.8221227703655755,-0.8305084745762712
22,0.647161599858439,12.745510289925974,3.9710929578890095,16.946562405632378,3.283577009694691,0.35317901099490334,0.057967256742458756,0.9721016522943313,0.5944509791026947,-0.8954802259887006
23,6.710680728753456,8.476898697848814,4.859851771773252,18.959557090563738,0.15488668107755488,0.8219483715945136,0.9146899887866822,0.66231235464557,0.9252615343371025,-0.7457627118644068
24,7.703476949339289,10.42746613342395,4.942662623150701,3.643605744472819,1.394927355892582,0.7847552654815673,0.21540636693814005,0.9304794734080541,0.7032629145412135,-0.8870056497175142
25,2.777037871333033,7.374698754275373,3.861893670130489,10.298606323394425,0.19889496768189474,0.4134844113725895,0.49693104389606063,1.0645369730596494,1.0360366681264743,-1.0847457627118644
26,6.885240750958621,17.253962256476612,10.542984008460355,19.36520764694197,11.97502256669619,0.9214226739403363,0.8904832699030467,0.6549732271358797,0.8979369647691379,-0.711864406779661
27,7.867203861967462,14.880853344926365,3.4068206465338173,10.804862081731313,3.242581905790511,0.8713522112935947,0.4302155503992776,0.7928092259202982,0.6901639405172454,-0.7796610169491526
28,7.281040499508098,12.194818232043863,11.871811927487725,19.33479462449665,17.383676579592645,0.9365075968976415,0.05139881989008033,0.7778586526219404,0.464217170239382,-0.7231638418079097
29,4.472471145741045,2.557932327104171,2.1614605691800337,10.390845786566336,0.19889496768189474,0.9567744943001418,0.4974688895866504,0.709651709371799,0.6587437970603359,-0.7062146892655368
30,4.90572765574562,9.637037146263687,14.98568304949525,14.487972746800562,3.4930903809179608,0.8429197990507479,0.516777817113359,0.7955511761342341,0.8070156245875837,-0.8163841807909604
31,7.715875198301052,12.210223023221763,16.904174302304064,3.643605744472819,1.394927355892582,0.7847552654815673,0.14188982817173287,0.9204692158462446,0.6346642439584627,-0.8757062146892656
32,4.993374831409365,11.586238377527446,1.1502734703048232,11.122113673506739,9.679875666500745,0.38907841384086084,0.4313344185950079,1.1251883640753118,0.9983141409778622,-1.1073446327683618
33,2.777037871333033,7.374698754275373,5.644019567695386,9.901784014555947,0.19889496768189474,0.4134844113725895,0.49693104389606063,1.0943015199971264,1.0599143870123395,-1.1016949152542372
34,2.860364143369887,7.1558393816780725,0.810865000483241,16.22083112455238,0.17734339899480478,0.3585304041497751,0.5244760834242599,1.054171042692038,1.0898776225220137,-1.076271186440678
35,10.14331374960072,10.264568853266123,11.475676885925214,10.808587237413146,17.690741080074954,0.4971481944891405,0.009691560088445447,0.936803968335242,0.510627435170224,-0.8559322033898306
36,7.317303990102632,12.444869218472437,5.301501833723923,10.846123776131398,14.40049798540062,0.9990681094659368,0.8097791274156286,0.616272946199877,0.7738828266798985,-0.6666666666666667
37,6.106836172793367,18.99730908523648,2.330820698062814,15.3268757757524,12.739281466599142,0.5328725973581746,0.58514849983122,0.9894151071730876,1.0661703404914917,-1.0310734463276836
38,3.145782161436925,9.80849626863269,0.6984208667457699,14.616663890014049,0.19889496768189474,0.37108303479781557,0.5012736815472516,1.038314110050992,1.0490114563129178,-1.0593220338983051
39,0.7936259631836617,12.526927790306313,10.910169757028466,10.82359109826671,10.314621944333647,0.5067714420333083,0.7230916753636772,0.8908847917537192,1.0191638987991158,-0.9322033898305085
40,6.296061475615644,10.449603477085835,6.3349190613042285,3.6071997932355804,3.9749886800420082,0.7952348253366668,0.906150621594485,0.6712203371201609,0.9371638746472166,-0.7598870056497175
41,6.149756665589153,11.88086572865228,3.7326355083500826,17.757556401671163,4.779397757440539,0.8533404148650516,0.5063355571824607,0.8046139013696072,0.7655852698536627,-0.8022598870056498
42,5.82225620494285,10.341732557234662,5.759805418195928,18.595838571883423,2.781833761724065,0.536678881171181,0.10240518601239063,0.9966923499925088,0.6733527423827544,-0.9378531073446329
43,10.206171788167453,9.463145726351204,11.475676885925214,10.808587237413146,1.2464500427708316,0.9743693239310277,0.009330788240045323,0.759246197428527,0.4495085262491199,-0.6949152542372882
44,0.8347419415894759,17.31349813713638,1.6989069251269038,7.774831166849228,0.36952029393863395,0.37121517149997096,0.7342234730279403,0.8490337894496214,1.0103714296576134,-0.903954802259887
45,0.8347419415894759,7.139336071701244,1.6989069251269038,7.774831166849228,0.36952029393863395,0.37121517149997096,0.1507083060871054,1.0611390899371114,0.7485076165164848,-1.0056497175141244
46,6.337062793447017,12.502404132068733,5.071186239261355,16.351985052899717,13.998078639425257,0.8006472874380728,0.027332684010554276,0.8847754560918464,0.516045723487574,-0.8135593220338984
47,19.27819190973088,16.826207435058656,2.7148673260521354,11.122113673506739,12.705285197620396,0.9797827191126018,0.9526222497728006,0.5781740160240275,0.8678372329898474,-0.6836158192090396
48,6.624996607363861,7.302182658083059,0.3794209979744129,9.89933666192753,0.19889496768189474,0.3711809509065169,0.5012736815472516,1.0260693118030941,1.0020078878995986,-1.0423728813559323
49,3.6721076843707494,11.604882791292837,1.2242213026027144,11.053176338781187,10.632958590229922,0.985466183137991,0.43133685717095205,0.677590318760829,0.6055994755050705,-0.6779661016949153
50,6.3550489095302645,19.144374288901908,1.1976664264457293,16.374413976027103,13.865065697175293,0.7360559168987983,0.5398374330745699,0.8703465292052301,0.8395017794369879,-0.8926553672316385
51,5.820619821486974,10.539460989031747,1.3137525923585314,11.512648133779233,12.705285197620396,0.5443022918059205,0.10182909890171066,1.018864063067888,0.6822311138285425,-0.9519774011299437
52,6.106836172793367,18.935177126253446,2.5524858197747284,10.612209438685365,12.739281466599142,0.5337039270854638,0.41768324763554376,1.0206601328570994,0.8660982878559698,-0.9915254237288137
53,0.7642079423922632,8.476898697848814,3.844286312219255,16.198899987385502,0.8267164542530043,0.8557253461504835,0.42567330131930753,0.8218645673987925,0.7138776075979706,-0.8079096045197741
54,6.520763149990415,7.3392178530948815,0.3898842818232864,16.25882583190138,0.8120429512777076,0.9814867136192366,0.42559367716808716,0.6900642678796906,0.6282857081938285,-0.6836158192090396
55,15.11582378342458,12.059391522449705,11.631980946578352,19.33479462449665,17.520796005169327,0.9329044903570007,0.05139881989008033,0.7872829636135182,0.4567880082023556,-0.7344632768361582
56,6.296061475615644,10.423983970659172,6.278087837396255,3.6986416189902336,4.001423553799306,0.7952348253366668,0.8861497621928562,0.6990173725775496,0.9464039442746413,-0.788135593220339
57,10.845296266942356,9.556370136461505,1.7988442242004146,10.112092867692741,1.2464500427708316,0.7769652407015009,0.009330788240045323,0.9269176639465962,0.5468401608651497,-0.8531073446327684
58,3.1515482965398793,7.302146048800116,0.6984208667457699,9.916307385182353,0.19889496768189474,0.37108303479781557,0.5012736815472516,1.0552135582177078,1.0447907882807483,-1.0875706214689267
59,4.937667914614909,4.396616181065992,4.199975835131163,0.24131400333081565,0.31867143954182886,0.8075217054181806,0.4660059876192896,0.8670979414502923,0.7758763244531603,-0.8502824858757063
60,2.5364607144457922,7.374698754275373,3.861893670130489,8.084487692102527,0.4030844780119883,0.4134844113725895,0.4868731190303977,1.0328371225448478,1.0140724673164188,-1.0536723163841808
61,7.8214922687722295,8.129454284749814,1.2652320806645276,10.804862081731313,0.14802930758214572,0.9990686417150673,0.892278507189723,0.5717872844230959,0.8310394809859093,-0.6694915254237288
62,4.994517598504416,14.691543028184292,0.30442141719191784,7.824563809913241,5.709890626930617,0.42358676511849935,0.8727881334984879,0.7662497941448814,0.9877596291640919,-0.8107344632768362
63,4.934992172051757,11.586238377527446,1.1502734703048232,11.122113673506739,9.679875666500745,0.4796919976180237,0.4016095808399035,1.0222298212278622,0.8810285290719398,-1.0056497175141244
64,9.209467879528997,9.443673623843493,11.475676885925214,10.808587237413146,1.2464500427708316,0.9743693239310277,0.9498584407842132,0.597380184750067,0.8845709483532753,-0.6949152542372882
65,5.459177792396833,11.355262073309968,5.277152999454234,18.595838571883423,0.8540116901648808,0.5361760261281455,0.10992161116345855,1.024954470644625,0.7223355258413353,-0.9661016949152543
66,4.482254462595896,4.193948683586738,13.031011787997286,7.866113093178836,0.8995844950154046,0.9765351040463354,0.8956890736351478,0.6038141226936948,0.8511309650681359,-0.6977401129943502
67,7.878546652646703,8.476898697848814,4.091535677794721,16.25882583190138,0.8120429512777076,0.9814867136192366,0.42567330131930753,0.6989112552030072,0.6153905734795327,-0.6892655367231638
68,18.68249339071096,19.01193731568629,1.56796484488914,16.363102747739916,12.36276813309966,0.5458030814421877,0.5834180329918948,0.9839125188184062,1.051768976437004,-1.0141242937853108
69,4.890876854564464,9.93657903650876,15.99499874066281,15.731217363804156,0.215537865640544,0.7851478702110806,0.0186933269400245,0.8981603678373864,0.537404919654594,-0.8389830508474576
70,4.915533694574736,13.18216870805858,0.6769296120639692,16.323256538960653,0.19889496768189474,0.37108303479781557,0.5012736815472516,1.0107427739619363,0.9941336175060356,-1.03954802259887
71,7.867203861967462,14.880853344926365,3.3775381517357954,10.804862081731313,2.9381008056840647,0.8656000067579083,0.4302155503992776,0.7865870226317172,0.7353318678451166,-0.788135593220339
72,6.1732277624839185,10.449603477085835,4.915051282094155,3.347068805602608,3.9749886800420082,0.7952348253366668,0.5770382238060342,0.8462196927541841,0.8609815941260153,-0.864406779661017
73,4.841805718353657,11.604882791292837,1.2242213026027144,11.122113673506739,10.336785762448839,0.3949345123692859,0.43133685717095205,1.1144989686272444,0.9613937191718823,-1.1045197740112995
74,5.883925526351181,7.343064962515791,5.599475983964391,2.986329391005663,4.837050687956884,0.8545927959678647,0.0022130823007912304,0.8481266960201632,0.46969163597483565,-0.8107344632768362
75,18.789978546931234,19.01193731568629,1.56796484488914,16.623254374842187,12.36276813309966,0.5269542149385777,0.9125211358453884,0.6924246517951275,0.9322397642921408,-0.7627118644067797
76,5.973712932476108,11.91427063900516,11.331125010971025,18.829718187776923,11.705025841308352,0.38947831974570235,0.5744304809291715,1.0363364687593244,1.0641321497948468,-1.0706214689265536
77,4.927874622302356,11.788072380351844,5.229724702542726,17.680304645528953,3.254852361814013,0.547228558793293,0.4256987384728021,1.0602536478623155,0.9556523681182093,-1.073446327683616
78,3.11371174792588,7.374698754275373,5.644019567695386,9.901784014555947,0.19889496768189474,0.40865131895125784,0.49693104389606063,1.1019305429003605,1.0612874223322888,-1.1045197740112995
79,4.927874622302356,13.190987665140963,1.6281383588601672,16.333104249795962,12.88146034890174,0.9799696188813871,0.9424703749514046,0.5905074514105695,0.8582222716123469,-0.675141242937853
