pareto_id,tau_robot1,tau_robot2,tau_mag1,tau_mag2,tau_remag,w_robot1,w_mag1,n_replications,mean_inputs,mean_outputs,mean_throughput_ratio,mean_energy,mean_emission,sd_outputs,sd_energy,sd_emission,ci95_outputs_low,ci95_outputs_high,ci95_energy_low,ci95_energy_high,ci95_emission_low,ci95_emission_high,nondominated_after_reevaluation,score_equal,score_throughput_priority,score_sustainability_priority,score_energy_priority,score_emission_priority
1,4.482254462595896,4.193948683586738,13.031011787997286,6.335337938334012,0.8995844950154046,0.9765351040463354,0.9871536732248436,100,76.05,48.07,0.6374085614075278,2191.0010497291487,2405.0216544879167,1.1033008326257745,86.7214256290365,79.44456141917976,47.85108117852903,48.28891882147097,2173.7936374499354,2208.208462008362,2389.2581299406056,2420.785179035228,True,0.5908406516996243,0.7486148204676273,0.5119535673156229,0.35450439101977466,0.6694027436114711
2,7.867203861967462,7.379136118505936,1.2652320806645276,10.804862081731311,0.1480293075821457,0.9991046247295744,0.0006439035707069,100,75.95,47.91,0.6357541476877906,2876.148538366534,1139.603898878999,1.120019841094096,109.84674508847084,97.11613061615265,47.6877637645275,48.13223623547249,2854.3525609992744,2897.9445157337937,1120.3339516156489,1158.873846142349,True,0.4506849352084783,0.6671389774850053,0.34245791407021486,0.4145048670153427,0.270410961125087
4,7.317303990102632,7.379136118505936,9.651560534902966,10.804862081731311,0.1672902697428262,0.9996480042650736,0.8713841988764528,100,76.01,47.72,0.6331772552787398,2328.201582791381,2245.294072050475,1.0452393278695806,97.78295514417051,103.3133639990117,47.512601840725765,47.92739815927423,2308.799323074814,2347.603842507949,2224.7944592340523,2265.7936848668974,True,0.5865345035905816,0.7517571029723449,0.5039232038997,0.38077545390784395,0.6270709538915562
5,6.10554398662318,9.906020016240335,5.899934441073484,14.798605840176824,4.9971070168369565,0.3787435378378585,0.5056434453418749,100,76.64,71.59,0.9352048681140264,3939.991390317485,2674.691164777885,6.388270501473776,350.7933208838288,263.5187009573212,70.32242853801529,72.85757146198472,3870.386384940113,4009.596395694857,2622.403337429979,2726.978992125792,True,0.6326350933015543,0.3889062093551657,0.7544995352747489,0.7474125867377843,0.7615864838117133
6,6.066486032545684,4.292636828037045,3.965360683653914,2.1190130933510334,0.321980807087086,0.522350917971649,0.4660059876192896,100,75.66,70.87,0.9376299902389464,3933.740203894122,2558.919641588685,6.150724684247714,343.54892828567563,279.3855632478761,69.64956278174529,72.09043721825472,3865.5726431764137,4001.90776461183,2503.4834845283613,2614.3557986490086,True,0.617347413253109,0.39151274243039286,0.7302647486644671,0.7369252867874462,0.7236042105414879
7,6.912954316495458,9.493562827774392,11.480995892090275,19.37748041478386,17.391129073396954,0.9329044903570008,0.4899876256505899,100,76.27,52.49,0.6930289312585142,3010.041609189198,1937.68464276663,2.536580853085985,167.07978915314044,138.33913866381846,51.986687327243445,52.99331267275656,2976.8893541999823,3043.1938641784136,1910.235156367244,1965.134129166016,True,0.5772120891543026,0.6681268444946264,0.5317547114841407,0.5185803161577506,0.5449291068105306
8,5.029965448086042,10.014063759775624,5.985857804565658,15.788579049575027,0.215537865640544,0.850685532202827,0.0186933269400245,100,75.52,56.87,0.7585057353520861,3396.6683994041828,1377.056371701831,2.794854579618074,177.05653556777696,113.36064955839856,56.31544021661201,57.424559783387984,3361.536541479285,3431.800257329081,1354.56315945305,1399.549583950612,True,0.4689982356635925,0.5315420906824091,0.43772630815418423,0.5349637876541632,0.3404888286542052
9,0.884053285393376,14.691543028184292,1.2452142075775785,14.927102524357949,0.2949598749731414,0.8619663091291041,0.5867985714381407,100,75.95,57.15,0.7583830297192425,3106.592211775908,2263.553051030562,3.1602806421857124,182.39707365232647,160.11522812378607,56.52293175782504,57.77706824217496,3070.400675231255,3142.78374832056,2231.7827160467723,2295.323386014352,True,0.5981792117848519,0.6044698992590503,0.5950338680477527,0.5514662227180321,0.6386015133774733
10,6.022316058389455,4.188673285505183,3.095891985536072,2.4710714735953725,0.9603788823035024,0.9053890532449274,0.8979743809687503,100,76.54,51.83,0.6824948922409821,2488.2339225686355,2470.425994290581,2.2876700687455664,136.90074185842877,103.81443971914136,51.3760766270136,52.28392337298639,2461.069845301675,2515.397999835596,2449.826957180372,2491.0250314007912,True,0.6052354950158245,0.6957384340238096,0.559984025511832,0.42565257570016346,0.6943154753235005
11,10.166143020118238,12.194818232043865,11.514423119872545,19.262366356256884,17.383676579592645,0.9751429259170944,0.0094331844722579,100,75.98,49.76,0.6595619254823895,3061.279039647117,1196.6747294813283,1.853852118365345,148.48597246167463,98.74346379278852,49.39215552011492,50.12784447988508,3031.8162012851462,3090.7418780090875,1177.0818840104948,1216.2675749521618,True,0.46974421012357465,0.6483086937633064,0.3804619683037088,0.46487537293892484,0.2960485636684928
12,5.926079681212036,9.342326804097585,1.2650736070046174,16.347381067828906,0.1480293075821457,0.9814272824224292,0.0006439035707069,100,75.24,49.12,0.6578085417134543,2944.8200852109394,1170.344985943828,1.6035314562905,118.03421826836345,102.9752435684725,48.801824570215096,49.4381754297849,2921.399535536323,2968.240634885556,1149.9124635563985,1190.777508331258,True,0.45259890570562467,0.6484918587607982,0.35465242917803796,0.43009561620899117,0.2792092421470848
13,0.6489214590087307,9.78858502412928,6.837004681949114,14.374165192899822,0.4456654664318984,0.8572266569607586,0.5217811033371731,100,76.01,57.38,0.7607319296966634,3170.2080327790154,2179.1600154497646,3.293029062131157,192.05537881383552,167.90490506749282,56.726591591310864,58.03340840868914,3132.100078951932,3208.3159866060987,2145.844039562127,2212.4759913374023,True,0.5886918469662258,0.5950146991817804,0.5855304208584485,0.5591528970538983,0.6119079446629987
14,0.884053285393376,14.691543028184292,16.569394119876534,7.824563809913241,0.3695202939386339,0.8732008704230372,0.9079274752912389,100,76.02,51.98,0.690852952166799,2517.2813058006664,2484.0791465867064,2.352647337564535,159.58669550872804,106.12694724960768,51.51318372718826,52.44681627281173,2485.615843154299,2548.9467684470337,2463.0212578122523,2505.1370353611605,True,0.6111126349673592,0.6968107302646691,0.5682635873187043,0.4352878376286896,0.7012393370087191
16,6.066486032545684,12.603535947193787,4.190699117772473,2.0107843396954554,3.625275502425792,0.7863411622454716,0.4247385047946494,100,75.62,61.64,0.8199315564355255,3488.408065145776,2172.779033812989,4.011397902391775,229.2684574599111,182.39323036418585,60.844051628282784,62.43594837171722,3442.916229171956,3533.899901119596,2136.588259860084,2208.9698077658936,True,0.5850583002688738,0.523141319629627,0.6160167905884973,0.6238936674968093,0.6081399136801854
17,0.884053285393376,9.767398564778569,1.2452142075775785,7.193885613973078,0.2949598749731414,0.3976962560212798,0.5867985714381407,100,76.02,70.1,0.9241272649661976,3769.715604428921,2721.9798302652325,6.991336630343863,372.6561039535256,294.3594171696546,68.7127671344368,71.48723286556319,3695.772548574145,3843.658660283698,2663.572535726808,2780.387124803657,True,0.6329127569805459,0.41344908568117017,0.7426445926302339,0.7117683508195043,0.7735208344409634
18,2.777037871333033,9.49085328078388,5.644019567695386,9.908017667052633,0.1988949676818947,0.3125570186462394,0.0456674995340155,100,75.84,62.64,0.8309214441089544,3796.12058072452,1586.0976452949635,3.063371088236361,187.5085557383175,138.9191293823626,62.03216071579598,63.24783928420402,3758.914815239632,3833.326346209408,1558.5330761540324,1613.6622144358946,True,0.5036916966508176,0.4579614392583842,0.5265568253470343,0.6397889659032847,0.41332468479078394
19,1.3847708553262856,11.257932364984075,1.4097627709486569,7.352692594863227,0.3695202939386339,0.3712151714999709,0.0631695786245716,100,75.72,63.44,0.8426699739130773,3791.699102125013,1610.988766873666,3.522854673486412,192.57647887679437,159.92547511502022,62.74098920391666,64.13901079608333,3753.487750740094,3829.910453509932,1579.2560830035357,1642.7214507437964,True,0.4971719629638405,0.4409616644858708,0.5252771122028255,0.63494724105782,0.41560698334783075
21,4.90572765574562,9.637037146263689,14.98568304949525,14.487972746800562,3.4930903809179608,0.8364075910465618,0.516777817113359,100,76.1,59.02,0.7801332505525836,3281.338852963202,2205.537370483368,3.8585599449127193,220.5097223299387,199.07957064060508,58.25437799488918,59.78562200511082,3237.5849400612483,3325.092765865156,2166.035664606952,2245.0390763597843,True,0.5912799562119211,0.5697372988805269,0.6020512848776184,0.5840777725855806,0.6200247971696562
22,0.647161599858439,12.745510289925974,3.9710929578890095,16.946562405632378,3.283577009694691,0.3531790109949033,0.0579672567424587,100,77.54,63.68,0.8268459318060689,3843.0466303315065,1625.1796142722987,3.110360659850146,190.15865682422609,160.8677300697205,63.06283696534196,64.29716303465804,3805.315027296832,3880.7782333661817,1593.2599665767923,1657.099261967805,True,0.5058419140907336,0.4422372547939085,0.5376442437391462,0.6509481506774505,0.424340336800842
23,6.710680728753456,8.476898697848814,4.859851771773252,18.959557090563735,0.1548866810775548,0.8219483715945136,0.9146899887866822,100,77.35,52.66,0.6862397719071031,2589.190457296538,2513.667523614518,2.551371190065246,162.49854328866516,104.0380684564812,52.15375260350816,53.16624739649183,2556.9472208776547,2621.4336937154217,2493.0241137111607,2534.310933517875,True,0.6205806127208249,0.6913667725404704,0.5851875328110022,0.4560918943505484,0.7142831712714559
24,7.703476949339289,10.42746613342395,4.942662623150701,3.643605744472819,1.394927355892582,0.7847552654815673,0.21540636693814,100,76.0,61.42,0.8120438309458771,3594.708896344791,1819.6121727988996,4.146752410689063,242.74889948984423,200.28071905751776,60.597194357300125,62.24280564269988,3546.5422482120084,3642.875544477573,1779.872133017472,1859.3522125803267,True,0.5334500158719931,0.49577553099558846,0.5522872583101957,0.6152849080699483,0.4892896085504428
25,2.777037871333033,7.374698754275373,3.861893670130489,10.298606323394424,0.1988949676818947,0.4134844113725895,0.4969310438960606,100,76.25,71.54,0.9387582393057248,3939.064593224585,2641.08169102523,6.709589097596504,343.5122696182832,281.6042405192515,70.20867195748913,72.87132804251088,3870.904306381804,4007.224880067367,2585.205300259728,2696.9580817907326,True,0.6261845813643718,0.38585389810287657,0.7463499229951196,0.743347364151718,0.7493524818385212
26,6.885240750958621,17.253962256476612,10.542984008460357,19.36520764694197,11.97502256669619,0.9214226739403364,0.8904832699030467,100,76.43,51.53,0.6789829710196195,2549.670001451901,2442.684123883964,2.3374638764561424,164.34152510892753,106.31795599649726,51.06619645527965,51.99380354472035,2517.0610774561087,2582.2789254476934,2421.588334830163,2463.779912937764,True,0.6143397447865377,0.7061089593463603,0.5684551375066266,0.4440357955142211,0.692874479499032
27,7.867203861967462,14.880853344926363,3.4068206465338173,10.804862081731311,3.242581905790511,0.8713522112935947,0.4302155503992776,100,76.07,56.76,0.751151803252798,3228.446515936532,1989.7308412683865,3.5021494121539853,220.52313903798304,188.27339950975465,56.06509757696879,57.45490242303121,3184.6899408686245,3272.203091004439,1952.373314185844,2027.0883683509285,True,0.5680685207156784,0.5927838527157057,0.5557108547156647,0.5590270823893386,0.5523946270419908
28,7.281040499508098,12.194818232043865,11.871811927487723,19.33479462449665,17.383676579592645,0.9365075968976416,0.0513988198900803,100,75.78,52.24,0.694997793718109,3195.9851504398184,1311.7400586813685,2.3186551309243075,167.8482689158224,121.70885367018344,51.77992851845174,52.70007148154826,3162.680412393402,3229.2898884862348,1287.5903816212617,1335.8897357414753,True,0.48340377683732405,0.6159318366545417,0.41713974692871536,0.5014012608160836,0.332878233041347
29,4.472471145741045,2.557932327104171,2.1614605691800337,10.390845786566336,0.1988949676818947,0.9567744943001418,0.4974688895866504,100,75.46,51.16,0.6831442756778452,2859.6781057499843,1902.643520928549,2.303795726073548,144.73912193611417,135.30512766615777,50.70287694675116,51.61712305324883,2830.9587238207723,2888.3974876791963,1875.7960481344253,1929.4909937226728,True,0.5617251436184778,0.6805933683796757,0.5022910312378789,0.4776650824553379,0.52691698002042
30,4.90572765574562,9.637037146263689,14.98568304949525,14.487972746800562,3.4930903809179608,0.8429197990507479,0.516777817113359,100,76.11,58.37,0.7724846314800717,3244.9693579627533,2183.449855719041,3.697268989375533,220.46030655121956,200.52456254137016,57.63638161969936,59.10361838030063,3201.22525022338,3288.7134657021265,2143.661432100196,2223.238279337886,True,0.5891871117886616,0.579115539056837,0.5942228981545739,0.5751731689032007,0.613272627405947
31,7.715875198301052,12.210223023221763,16.904174302304064,3.643605744472819,1.394927355892582,0.7847552654815673,0.1418898281717328,100,75.2,60.92,0.8156396322216897,3620.5974992254255,1680.7475038532618,3.492213560989012,213.9125924814736,160.58845610926355,60.22706906539971,61.61293093460029,3578.152600011135,3663.042398439716,1648.883270170401,1712.6117375361227,True,0.5160068763225467,0.49348960636612516,0.5272655113007575,0.6102636767238588,0.44426734587765615
32,4.993374831409365,11.586238377527446,1.1502734703048232,11.12211367350674,9.679875666500743,0.3890784138408608,0.4313344185950079,100,75.89,71.58,0.9439719988659704,4049.557057923597,2520.740926497111,7.174843819790354,395.1902929615344,294.8497776879332,70.15635532683447,73.00364467316552,3971.1427300870014,4127.971385760193,2462.236333793415,2579.2455192008074,True,0.620048449993932,0.3815178225525965,0.7393137637146,0.7629034422707892,0.7157240851584105
34,2.860364143369887,7.1558393816780725,0.810865000483241,16.22083112455238,0.1773433989948047,0.3585304041497751,0.5244760834242599,100,76.68,71.76,0.9361847836293464,3929.548989307827,2722.776089158245,6.724176191515616,339.16493794920297,275.213191448008,70.42577756158637,73.09422243841364,3862.251307384207,3996.846671231447,2668.167821183251,2777.3843571332395,True,0.6384588976894512,0.38961930589383426,0.7628786935872599,0.748710719821253,0.7770466673532667
35,10.14331374960072,10.264568853266123,11.475676885925214,10.808587237413146,17.690741080074954,0.4971481944891405,0.0096915600884454,100,75.73,60.18,0.8012826855470009,3752.05843467497,1446.433355028377,2.1385353243127256,171.36063883124717,123.80648077076594,59.755668195809854,60.60433180419015,3718.0567662359385,3786.060103114002,1421.8674632431782,1470.9992468135758,True,0.5005444383999238,0.4963184830808541,0.5026574160594588,0.6286338664466662,0.3766809656722513
36,7.317303990102632,12.444869218472435,5.301501833723923,10.846123776131398,14.40049798540062,0.9990681094659368,0.8097791274156286,100,75.83,47.71,0.6339887842026422,2455.2425191528337,2169.1144544194,1.1127815725841386,127.60405718069792,101.95127386657886,47.4891999940352,47.9308000059648,2429.923105818911,2480.561932486756,2148.885109836003,2189.343799002797,True,0.5931381968076541,0.7558829180845925,0.511765836169185,0.4114557488383966,0.6120759234999733
38,3.145782161436925,9.80849626863269,0.6984208667457699,14.616663890014047,0.1988949676818947,0.3710830347978155,0.5012736815472516,100,75.4,70.55,0.9362424943515028,3888.325268827271,2605.696848683346,7.473015428591031,398.7642871334114,308.13784701208704,69.06719161077038,72.03280838922961,3809.201783008632,3967.44875464591,2544.555614739069,2666.8380826276234,True,0.623451079540789,0.40041011602713183,0.7349715612976175,0.7310362359343684,0.7389068866608667
39,0.7936259631836617,12.526927790306312,10.910169757028466,10.82359109826671,10.314621944333648,0.5067714420333083,0.7230916753636772,100,75.2,65.28,0.8734845226375129,3459.253761620766,2744.967154347968,4.8743401521838745,297.7896043739022,201.7375127609265,64.31282516426174,66.24717483573826,3400.16584352259,3518.341679718942,2704.938055090425,2784.996253605511,True,0.6489808503405498,0.5019447474231438,0.7224989017992528,0.6561157330915052,0.7888820705070003
40,6.296061475615644,10.449603477085835,6.3349190613042285,3.607199793235581,3.974988680042008,0.7952348253366668,0.906150621594485,100,76.6,53.38,0.7021971023229492,2618.0110475746937,2528.110441764561,2.766246773540136,178.30535687727465,105.54261398200563,52.83111662598855,53.928883374011455,2582.6313964086244,2653.390698740763,2507.1684973875977,2549.0523861415245,True,0.6188108212725865,0.6785257565672329,0.5889533536252635,0.46109130043514335,0.7168154068153835
41,6.149756665589153,11.88086572865228,3.7326355083500826,17.757556401671163,4.779397757440539,0.8533404148650516,0.5063355571824607,100,75.78,57.25,0.7603308227143427,3187.827736138295,2116.488815459633,3.91158600193132,214.7240905719514,196.25386020248496,56.47385647476838,58.02614352523162,3145.22181809728,3230.4336541793105,2077.5477918383544,2155.4298390809117,True,0.5805557780287949,0.592259847185375,0.5747037434505048,0.5579768693290458,0.5914306175719637
42,5.82225620494285,10.341732557234662,5.759805418195928,18.595838571883423,2.781833761724065,0.536678881171181,0.1024051860123906,100,77.17,65.55,0.8544997963113654,3904.806649577197,1756.273345419839,4.432148394846386,263.3050617417716,206.190381618827,64.67056560233438,66.42943439766562,3852.561212884591,3957.052086269803,1715.3607003752268,1797.1859904644512,True,0.5183571952546852,0.4191533764575146,0.5679591046532705,0.6714461174792307,0.46447209182731025
43,10.206171788167453,9.463145726351204,11.475676885925214,10.808587237413146,1.2464500427708316,0.9743693239310276,0.0093307882400453,100,76.24,49.65,0.6568436159867698,2982.2568850207026,1186.0726990576686,1.6719612870681382,124.93411209453224,98.23088292569714,49.31824660719331,49.98175339280669,2957.467246716737,3007.046523324668,1166.5815607513853,1205.563837363952,True,0.4551959364261723,0.6413793205469099,0.36210424436580346,0.4395271973815798,0.2846812913500271
44,0.8347419415894759,17.31349813713638,1.6989069251269038,7.774831166849228,0.3695202939386339,0.3712151714999709,0.7342234730279403,100,74.67,64.65,0.8704314583622199,3395.523637190582,2739.248479810558,5.2153135044304815,305.84387431475545,195.19192330812265,63.61516865370769,65.68483134629231,3334.8375771975398,3456.209697183625,2700.518167508002,2777.9787921131137,True,0.6452146234281303,0.5099917597419497,0.7128260552712207,0.6404528644735827,0.7851992460688585
45,0.8347419415894759,7.139336071701244,1.6989069251269038,7.774831166849228,0.3695202939386339,0.3712151714999709,0.1507083060871054,100,75.73,67.33,0.8916364493080221,3972.7606910343297,1880.9158762985544,4.592604947306072,264.007325988154,199.15935622765736,66.41872754119726,68.24127245880274,3920.375909879512,4025.1454721891473,1841.3983392307075,1920.433413366402,True,0.5318472143232656,0.3981267335019349,0.5987074547339312,0.6938315966947999,0.5035833127730622
46,6.337062793447017,12.502404132068731,5.071186239261355,16.351985052899717,13.998078639425255,0.8006472874380728,0.0273326840105542,100,75.42,59.1,0.7888781975903264,3591.062615521464,1454.3884260918123,2.6874192494328497,178.67468182781252,128.41284267317292,58.56675771694646,59.63324228305354,3555.609682272648,3626.515548770281,1428.9085321694597,1479.868320014165,True,0.488702078957655,0.5068817790719345,0.47961222890051536,0.5876692937405823,0.3715551640604483
47,19.27819190973088,16.826207435058656,2.7148673260521354,11.12211367350674,12.705285197620396,0.9797827191126018,0.9526222497728006,100,76.47,48.41,0.6385137771027719,2311.416670275833,2391.114874476621,1.4220130843706087,116.9715432826916,104.10596066399808,48.12784175327246,48.69215824672753,2288.206978373268,2334.626362178398,2370.4579932863603,2411.771755666881,True,0.6044253505707795,0.7512032676021814,0.5310363920550785,0.3879799139756642,0.6740928701344927
48,6.624996607363861,7.302182658083059,0.3794209979744129,9.89933666192753,0.1988949676818947,0.3711809509065169,0.5012736815472516,100,75.53,70.63,0.9356878873338432,3901.245848172409,2614.6156434545974,5.938497922518588,318.22779816065247,279.38740187288704,69.45167317556395,71.80832682443604,3838.102549017244,3964.3891473275744,2559.1791215711823,2670.0521653380124,True,0.6264743960155567,0.4009153124559598,0.7392539377953551,0.7355675629985691,0.7429403125921411
50,6.3550489095302645,19.144374288901908,1.1976664264457293,16.374413976027103,13.865065697175291,0.7360559168987983,0.5398374330745699,100,75.7,64.28,0.8528606997367991,3582.3516351550998,2458.7469896492485,4.870193823533913,269.5661526520976,221.9913637975057,63.31364788582111,65.24635211417889,3528.8638621905725,3635.839408119626,2414.699086935694,2502.794892362803,True,0.6248333788151869,0.5038161827083351,0.685341976868613,0.667516060539766,0.7031678931974598
51,5.820619821486974,10.539460989031747,1.3137525923585314,11.512648133779232,12.705285197620396,0.5443022918059205,0.1018290989017106,100,75.36,65.0,0.8667340098948138,3922.36367062954,1737.6020465701597,3.789938833759242,244.70656640700523,193.54285814216328,64.24799391208738,65.75200608791262,3873.8085789085135,3970.918762350567,1699.1989445732474,1776.0051485670715,True,0.5250605667485667,0.43217335436406845,0.5715041729408159,0.6791605712480144,0.4638477746336173
52,6.106836172793367,18.935177126253446,2.5524858197747284,10.612209438685364,12.739281466599142,0.5337039270854638,0.4176832476355437,100,76.11,71.17,0.935398913226682,4049.744090158191,2486.267056637,6.361270122841631,343.37589516514856,251.10527974710507,69.9077859989132,72.4322140010868,3981.610862965575,4117.877317350806,2436.4423213682467,2536.091791905754,True,0.618521868461096,0.38730944009506246,0.7341280826441129,0.7620268282470873,0.7062293370411383
53,0.7642079423922632,8.476898697848814,3.844286312219255,16.198899987385502,0.8267164542530043,0.8557253461504835,0.4256733013193075,100,75.88,57.42,0.7625865426088585,3229.944439394412,1989.3896688028167,3.2942557903297693,186.06059938590224,177.32729723931226,56.7663481818222,58.0736518181778,3193.0259798634743,3266.8628989253493,1954.2040858880705,2024.5752517175629,True,0.5592623398057648,0.5767025981574875,0.5505422106299035,0.5540584033010622,0.5470260179587447
54,6.520763149990415,7.3392178530948815,0.3898842818232864,16.25882583190138,0.8120429512777076,0.9814867136192366,0.4255936771680871,100,76.04,49.13,0.6524913764398818,2760.9479805237947,1710.9292097882194,1.5152757524822358,117.83578812831276,135.9370328695926,48.82933641657147,49.43066358342853,2737.5668036939364,2784.329157353653,1683.9563532924556,1737.9020662839832,True,0.5323406829445101,0.6961733259221253,0.4504243614557025,0.43927039595268036,0.4615783269587247
55,15.11582378342458,12.059391522449705,11.631980946578352,19.33479462449665,17.520796005169327,0.9329044903570008,0.0513988198900803,100,76.17,52.57,0.6963100706384896,3221.010854133149,1325.2968344171636,2.7275437575765764,183.51869431866223,124.7028437298438,52.02879614402349,53.11120385597651,3184.5967637145664,3257.424944551732,1300.5530847741545,1350.040584060173,True,0.48610210754131705,0.6121520620708025,0.4230771302765744,0.5082834346169601,0.3378708259361886
56,6.296061475615644,10.423983970659172,6.278087837396255,3.6986416189902336,4.001423553799306,0.7952348253366668,0.8861497621928562,100,76.31,54.11,0.7140074501573879,2667.689006927443,2541.015065954281,2.5971818448760065,170.22860546097354,111.63707017528748,53.59466277572464,54.62533722427536,2633.9119584687087,2701.4660553861777,2518.8638492484247,2563.166282660138,True,0.6202411357083792,0.66744120494241,0.5966411010913639,0.4723972997045676,0.7208849024781603
57,10.845296266942356,9.556370136461505,1.7988442242004146,10.11209286769274,1.2464500427708316,0.7769652407015009,0.0093307882400453,100,75.63,58.79,0.782000053987357,3538.1639563695485,1413.8860728527443,2.671567466352427,180.94956855442047,120.96110128899296,58.25990305461644,59.32009694538356,3502.2596362401623,3574.0682764989347,1389.8847660876663,1437.8873796178225,True,0.47525827306063484,0.5038870701758492,0.46094387450302776,0.5684778516927533,0.3534098973133021
58,3.15154829653988,7.302146048800116,0.6984208667457699,9.916307385182352,0.1988949676818947,0.3710830347978155,0.5012736815472516,100,75.87,71.15,0.9384778654225155,3915.752691718603,2631.603311016764,7.357226914999147,388.4985214397039,308.8793027461662,69.69016656391628,72.60983343608373,3838.666156530931,3992.8392269062742,2570.3149561688515,2692.8916658646767,True,0.625450360821132,0.39179373387509214,0.742278674294152,0.7380040875299341,0.7465532610583697
59,4.937667914614909,4.396616181065992,4.199975835131163,0.2413140033308156,0.3186714395418288,0.8075217054181806,0.4660059876192896,100,76.52,60.61,0.7970735953710766,3392.6664850944403,2155.956184142606,4.211324319647267,254.5782248461055,202.6094916382866,59.77438188966551,61.445618110334486,3342.1526421719773,3443.180328016904,2115.754065358082,2196.1583029271305,True,0.5788323620744056,0.5362564724593673,0.6001203068819247,0.600022617762336,0.6002179960015134
60,2.536460714445792,7.374698754275373,3.861893670130489,8.084487692102527,0.4030844780119883,0.4134844113725895,0.4868731190303977,100,76.64,71.89,0.9392071003554006,3976.383418918884,2651.0980623364558,6.49458982305249,360.2059118120008,303.91214427185434,70.60133247800034,73.17866752199966,3904.910751293783,4047.8560865439854,2590.795299493099,2711.400825179812,True,0.6300305375038311,0.38243550041640906,0.7538280560475422,0.7535034893468698,0.7541526227482145
61,7.821492268772229,8.129454284749814,1.2652320806645276,10.804862081731311,0.1480293075821457,0.9990686417150672,0.892278507189723,100,76.19,47.82,0.6329903337649342,2310.4567476072693,2264.207341192687,0.9143082609052572,99.33179782827035,82.56189992624255,47.638581404980734,48.00141859501927,2290.7471638998004,2330.1663313147383,2247.825269054446,2280.5894133309284,True,0.5859833637603762,0.7497904272541807,0.5040798320134738,0.3767128397998578,0.6314468242270899
62,4.994517598504416,14.691543028184292,0.3044214171919178,7.824563809913241,5.709890626930617,0.4235867651184993,0.8727881334984879,100,75.02,56.71,0.7604902047133482,2917.4454087013173,2621.7830657428594,3.134348642723304,193.85133740081824,110.09160901298446,56.08807722911702,57.33192277088298,2878.981097726984,2955.90971967565,2599.9385020606164,2643.6276294251024,True,0.6453159187157523,0.6399502874257704,0.6479987343607434,0.5399686343206291,0.7560288344008577
63,4.934992172051757,11.586238377527446,1.1502734703048232,11.12211367350674,9.679875666500743,0.4796919976180237,0.4016095808399035,100,76.63,71.95,0.9404477844086406,4092.948212322423,2481.3662675578976,7.259093913460857,392.5295906944261,284.8061297497772,70.50963828043174,73.39036171956826,4015.061825539959,4170.834599104887,2424.854552503589,2537.8779826122063,True,0.6144435339491519,0.3721017031915769,0.7356144493279394,0.7686661203694911,0.7025627782863875
64,9.209467879528995,9.443673623843493,11.475676885925214,10.808587237413146,1.2464500427708316,0.9743693239310276,0.9498584407842132,100,75.57,48.72,0.6492375661918834,2284.678364706004,2403.3749200879884,1.3859322064257258,104.30620735348607,85.49808706998083,48.44500098223682,48.99499901776318,2263.9817502281667,2305.37497918384,2386.4102447194064,2420.3395954565704,True,0.5980553300650464,0.7423096806566147,0.5259281547692622,0.3785345476494193,0.6733217618891052
65,5.459177792396833,11.355262073309968,5.277152999454234,18.595838571883423,0.8540116901648808,0.5361760261281455,0.1099216111634585,100,76.81,66.2,0.8671069890289074,3920.2643556282414,1784.1298971625924,4.247399679851667,265.60545284570753,208.93075172771984,65.35722375554057,67.04277624445943,3867.562471433283,3972.9662398232017,1742.673503235633,1825.586291089552,True,0.517981411518857,0.40829395938575175,0.5728251375854096,0.674471569525179,0.47117870564564024
66,4.482254462595896,4.193948683586738,13.031011787997286,7.866113093178836,0.8995844950154046,0.9765351040463354,0.8956890736351478,100,75.86,49.21,0.6556212427554666,2364.4539304968557,2329.690203728917,1.5718161662885584,112.47089003248928,103.3813509920088,48.89811757181948,49.52188242818052,2342.137265841482,2386.7705951522285,2309.177100818096,2350.203306639738,True,0.5900760884700822,0.7295057757814358,0.5203612448144055,0.39052466452445067,0.6501978251043601
68,18.68249339071096,19.01193731568629,1.56796484488914,16.363102747739916,12.36276813309966,0.5458030814421877,0.5834180329918948,100,76.93,70.51,0.918502825192156,3864.3478804456895,2747.0022802223066,5.91265549051312,323.9634957354771,258.9362044716804,69.3368008747293,71.6831991252707,3800.0664944548553,3928.629266436524,2695.623719595104,2798.380840849509,True,0.6490972915648275,0.4164522399695713,0.7654198173624558,0.7413812597860148,0.7894583749388965
69,4.890876854564464,9.93657903650876,15.99499874066281,15.731217363804156,0.215537865640544,0.7851478702110806,0.0186933269400245,100,76.4,58.99,0.7783246067500537,3542.075568067504,1429.9732784728433,2.709858544893688,169.86233328781063,117.27309293918684,58.45230527390313,59.52769472609688,3508.3711959542547,3575.779940180753,1406.7037525762646,1453.242804369422,True,0.4765532403295884,0.5013920668971394,0.46413382704581285,0.5700774861793056,0.35819016791232017
70,4.915533694574736,13.18216870805858,0.6769296120639692,16.323256538960653,0.1988949676818947,0.3710830347978155,0.5012736815472516,100,76.07,71.28,0.9378540279660958,3913.862655700265,2645.0996877407347,7.041120204724085,356.65825521995805,286.2313367325045,69.88288899321762,72.67711100678238,3843.09392010997,3984.63139129056,2588.305180700972,2701.8941947804974,True,0.6261455940671702,0.390084084456662,0.7441763488724243,0.7380237325196507,0.750328965225198
72,6.173227762483919,10.449603477085835,4.915051282094155,3.347068805602608,3.974988680042008,0.7952348253366668,0.5770382238060342,100,75.51,60.99,0.8120406306141836,3304.344268045582,2387.5897061456394,3.636223482147544,218.0810323755787,188.70863854973368,60.268494372724895,61.71150562727511,3261.072259921368,3347.616276169796,2350.145818194989,2425.03359409629,True,0.6062073300748378,0.5464646843434711,0.6360786529405212,0.5978724837989586,0.674284822082084
73,4.841805718353657,11.604882791292836,1.2242213026027144,11.12211367350674,10.33678576244884,0.3949345123692859,0.431336857170952,100,76.41,72.16,0.945164148066343,4075.7336647265,2523.0902221149063,6.697987033656478,362.5386219477628,283.84732687134647,70.83097405868334,73.48902594131665,4003.7981368019655,4147.669192651035,2466.768754353051,2579.4116898767616,True,0.617216025647007,0.3703296153882043,0.7406592307764086,0.766709210377068,0.714609251175749
74,5.883925526351181,7.343064962515791,5.599475983964391,2.986329391005663,4.837050687956884,0.8545927959678647,0.0022130823007912,100,76.92,56.46,0.7395309750394088,3403.4510194352224,1341.62622216126,2.645445867596583,190.0602749081822,130.3412224754538,55.93508614652163,56.984913853478375,3365.7389375071007,3441.163101363344,1315.763695849644,1367.4887484728758,True,0.4684292822079,0.5379082850711612,0.4336897807762693,0.5360488737210025,0.3313306878315362
76,5.973712932476108,11.91427063900516,11.331125010971023,18.829718187776923,11.705025841308352,0.3894783197457023,0.5744304809291715,100,75.91,70.65,0.9322564071426648,3873.184748913842,2746.483365774532,6.262563130994926,329.54394028546074,269.2930262525933,69.40737160755866,71.89262839244135,3807.796081655705,3938.57341617198,2693.049787013185,2799.9169445358784,True,0.6486297654676482,0.41388133576320635,0.7660039803198692,0.7429592328684993,0.7890487277712388
77,4.927874622302356,11.788072380351844,5.229724702542726,17.680304645528953,3.254852361814013,0.547228558793293,0.4256987384728021,100,75.99,70.59,0.9301105395540176,3964.200322258304,2494.3998538689107,6.08707025114909,333.68561223487103,262.98636175404107,69.38219320226457,71.79780679773543,3897.989857431206,4030.4107870854023,2442.217654168114,2546.582053569707,True,0.6131233823806115,0.39355910100300895,0.7229055230694128,0.7407969596556033,0.7050140864832221
78,3.11371174792588,7.374698754275373,5.644019567695386,9.901784014555949,0.1988949676818947,0.4086513189512578,0.4969310438960606,100,76.41,71.72,0.9394416422414658,3954.406148757274,2646.7160811658523,6.468384651518491,337.71406783317326,293.8156228813079,70.43653215255785,73.00346784744215,3887.39635094152,4021.415946573028,2588.416687211935,2705.0154751197697,True,0.6275877675979415,0.383751024566945,0.7495061391134401,0.74741577047266,0.75159650775422
79,4.927874622302356,13.190987665140964,1.6281383588601672,16.333104249795962,12.88146034890174,0.9799696188813872,0.9424703749514046,100,76.63,48.64,0.6410394893344246,2317.994689732164,2375.7294389867147,1.267463863967982,108.88648756559812,89.88741197079963,48.388507671569,48.891492328431,2296.3892482903734,2339.6001311739533,2357.893826330744,2393.5650516426854,True,0.5992520105969155,0.744336482431769,0.5267097746794889,0.3862593384242077,0.6671602109347701
